{
  "canvas": {
    "version": "2.2.11",
    "width": 2000,
    "height": 2000,
    "scrollTop": -445.19999999999976,
    "scrollLeft": -99.19999999999996,
    "zoomLevel": 0.9,
    "show": {
      "tableComment": true,
      "columnComment": false,
      "columnDataType": true,
      "columnDefault": false,
      "columnAutoIncrement": false,
      "columnPrimaryKey": true,
      "columnUnique": false,
      "columnNotNull": true,
      "relationship": true
    },
    "database": "PostgreSQL",
    "databaseName": "",
    "canvasType": "ERD",
    "language": "GraphQL",
    "tableCase": "pascalCase",
    "columnCase": "camelCase",
    "highlightTheme": "VS2015",
    "bracketType": "none",
    "setting": {
      "relationshipDataTypeSync": true,
      "relationshipOptimization": false,
      "columnOrder": [
        "columnName",
        "columnDataType",
        "columnNotNull",
        "columnUnique",
        "columnAutoIncrement",
        "columnDefault",
        "columnComment"
      ]
    },
    "pluginSerializationMap": {}
  },
  "table": {
    "tables": [
      {
        "name": "arc_swift",
        "comment": "",
        "columns": [
          {
            "name": "equipment",
            "comment": "",
            "dataType": "bigint",
            "default": "",
            "option": {
              "autoIncrement": false,
              "primaryKey": true,
              "unique": false,
              "notNull": true
            },
            "ui": {
              "active": false,
              "pk": true,
              "fk": false,
              "pfk": false,
              "widthName": 62.708984375,
              "widthComment": 60,
              "widthDataType": 60,
              "widthDefault": 60
            },
            "id": "07c390bf-5ca0-45af-8d63-fae4cba315b7"
          },
          {
            "name": "material_number",
            "comment": "",
            "dataType": "varchar",
            "default": "",
            "option": {
              "autoIncrement": false,
              "primaryKey": false,
              "unique": false,
              "notNull": false
            },
            "ui": {
              "active": false,
              "pk": false,
              "fk": false,
              "pfk": false,
              "widthName": 99.54443359375,
              "widthComment": 60,
              "widthDataType": 60,
              "widthDefault": 60
            },
            "id": "0379efb4-8faf-43da-bc9c-d4e60a90cf0b"
          },
          {
            "name": "serial_number",
            "comment": "",
            "dataType": "varchar",
            "default": "",
            "option": {
              "autoIncrement": false,
              "primaryKey": false,
              "unique": false,
              "notNull": false
            },
            "ui": {
              "active": false,
              "pk": false,
              "fk": false,
              "pfk": false,
              "widthName": 84.37353515625,
              "widthComment": 60,
              "widthDataType": 60,
              "widthDefault": 60
            },
            "id": "2ad186af-c59e-4d13-acb5-8459f81451a6"
          },
          {
            "name": "material_description",
            "comment": "",
            "dataType": "varchar",
            "default": "",
            "option": {
              "autoIncrement": false,
              "primaryKey": false,
              "unique": false,
              "notNull": false
            },
            "ui": {
              "active": false,
              "pk": false,
              "fk": false,
              "pfk": false,
              "widthName": 118.33349609375,
              "widthComment": 60,
              "widthDataType": 60,
              "widthDefault": 60
            },
            "id": "727e19cd-5c45-4eba-8e33-413280093b18"
          },
          {
            "name": "material_group",
            "comment": "",
            "dataType": "varchar",
            "default": "",
            "option": {
              "autoIncrement": false,
              "primaryKey": false,
              "unique": false,
              "notNull": false
            },
            "ui": {
              "active": false,
              "pk": false,
              "fk": false,
              "pfk": false,
              "widthName": 88.71533203125,
              "widthComment": 60,
              "widthDataType": 60,
              "widthDefault": 60
            },
            "id": "6b9cfaca-48c5-44cb-831c-60d7afa45d2b"
          },
          {
            "name": "functional_location",
            "comment": "",
            "dataType": "varchar",
            "default": "",
            "option": {
              "autoIncrement": false,
              "primaryKey": false,
              "unique": false,
              "notNull": false
            },
            "ui": {
              "active": false,
              "pk": false,
              "fk": false,
              "pfk": false,
              "widthName": 109.68798828125,
              "widthComment": 60,
              "widthDataType": 60,
              "widthDefault": 60
            },
            "id": "8a66cbd9-bfbb-4aa9-ad4c-24699c0e9ae4"
          },
          {
            "name": "aircraft_reg",
            "comment": "",
            "dataType": "varchar",
            "default": "",
            "option": {
              "autoIncrement": false,
              "primaryKey": false,
              "unique": false,
              "notNull": false
            },
            "ui": {
              "active": false,
              "pk": false,
              "fk": false,
              "pfk": false,
              "widthName": 67.7490234375,
              "widthComment": 60,
              "widthDataType": 60,
              "widthDefault": 60
            },
            "id": "6c1ec5e9-89bf-4a4a-8198-54e106fb4f83"
          },
          {
            "name": "notif_w3",
            "comment": "",
            "dataType": "bigint",
            "default": "",
            "option": {
              "autoIncrement": false,
              "primaryKey": false,
              "unique": false,
              "notNull": false
            },
            "ui": {
              "active": false,
              "pk": false,
              "fk": false,
              "pfk": false,
              "widthName": 60,
              "widthComment": 60,
              "widthDataType": 60,
              "widthDefault": 60
            },
            "id": "d2cd7d83-e820-4541-8d0c-45dffed8e613"
          },
          {
            "name": "order_notif_w3",
            "comment": "",
            "dataType": "bigint",
            "default": "",
            "option": {
              "autoIncrement": false,
              "primaryKey": false,
              "unique": false,
              "notNull": false
            },
            "ui": {
              "active": false,
              "pk": false,
              "fk": false,
              "pfk": false,
              "widthName": 87.998046875,
              "widthComment": 60,
              "widthDataType": 60,
              "widthDefault": 60
            },
            "id": "bca38e06-0f4f-44d9-a4ff-a99a2e2b6221"
          },
          {
            "name": "notif_w4",
            "comment": "",
            "dataType": "bigint",
            "default": "",
            "option": {
              "autoIncrement": false,
              "primaryKey": false,
              "unique": false,
              "notNull": false
            },
            "ui": {
              "active": false,
              "pk": false,
              "fk": false,
              "pfk": false,
              "widthName": 60,
              "widthComment": 60,
              "widthDataType": 60,
              "widthDefault": 60
            },
            "id": "1b2ca20d-8e5e-417c-9e85-ba01767ebaa2"
          },
          {
            "name": "batch_notif_w4",
            "comment": "",
            "dataType": "bigint",
            "default": "",
            "option": {
              "autoIncrement": false,
              "primaryKey": false,
              "unique": false,
              "notNull": false
            },
            "ui": {
              "active": false,
              "pk": false,
              "fk": false,
              "pfk": false,
              "widthName": 89.45166015625,
              "widthComment": 60,
              "widthDataType": 60,
              "widthDefault": 60
            },
            "id": "35736e63-3b61-4860-8826-5206c287675c"
          },
          {
            "name": "title",
            "comment": "",
            "dataType": "varchar",
            "default": "",
            "option": {
              "autoIncrement": false,
              "primaryKey": false,
              "unique": false,
              "notNull": false
            },
            "ui": {
              "active": false,
              "pk": false,
              "fk": false,
              "pfk": false,
              "widthName": 60,
              "widthComment": 60,
              "widthDataType": 60,
              "widthDefault": 60
            },
            "id": "2aec8d38-080b-4526-9467-05f81a9d59af"
          },
          {
            "name": "po_number",
            "comment": "",
            "dataType": "bigint",
            "default": "",
            "option": {
              "autoIncrement": false,
              "primaryKey": false,
              "unique": false,
              "notNull": false
            },
            "ui": {
              "active": false,
              "pk": false,
              "fk": false,
              "pfk": false,
              "widthName": 67.76806640625,
              "widthComment": 60,
              "widthDataType": 60,
              "widthDefault": 60
            },
            "id": "9aaebbce-e3f2-4a31-bad5-141315625b7b"
          },
          {
            "name": "ac_type",
            "comment": "",
            "dataType": "varchar",
            "default": "",
            "option": {
              "autoIncrement": false,
              "primaryKey": false,
              "unique": false,
              "notNull": true
            },
            "ui": {
              "active": false,
              "pk": false,
              "fk": false,
              "pfk": false,
              "widthName": 60,
              "widthComment": 60,
              "widthDataType": 60,
              "widthDefault": 60
            },
            "id": "e8f5298e-3ed5-4119-a418-57c1e43d1a48"
          },
          {
            "name": "operator",
            "comment": "",
            "dataType": "varchar",
            "default": "",
            "option": {
              "autoIncrement": false,
              "primaryKey": false,
              "unique": false,
              "notNull": true
            },
            "ui": {
              "active": false,
              "pk": false,
              "fk": false,
              "pfk": false,
              "widthName": 60,
              "widthComment": 60,
              "widthDataType": 60,
              "widthDefault": 60
            },
            "id": "0cd900cc-76f4-4183-8d2c-1491618576e2"
          },
          {
            "name": "timestamp_pi",
            "comment": "",
            "dataType": "timestamp",
            "default": "",
            "option": {
              "autoIncrement": false,
              "primaryKey": false,
              "unique": false,
              "notNull": true
            },
            "ui": {
              "active": false,
              "pk": false,
              "fk": false,
              "pfk": false,
              "widthName": 79.30810546875,
              "widthComment": 60,
              "widthDataType": 61.9599609375,
              "widthDefault": 60
            },
            "id": "ce7b2192-372f-497d-894c-bb26dc8c1fc6"
          }
        ],
        "ui": {
          "active": false,
          "left": 616.0287669693428,
          "top": 1077.5176419181328,
          "zIndex": 99,
          "widthName": 60,
          "widthComment": 60
        },
        "visible": true,
        "id": "b15144ef-3230-4e32-9ca1-efad12e16d25"
      },
      {
        "name": "user",
        "comment": "",
        "columns": [
          {
            "name": "id",
            "comment": "",
            "dataType": "int",
            "default": "",
            "option": {
              "autoIncrement": false,
              "primaryKey": true,
              "unique": false,
              "notNull": true
            },
            "ui": {
              "active": false,
              "pk": true,
              "fk": false,
              "pfk": false,
              "widthName": 60,
              "widthComment": 60,
              "widthDataType": 60,
              "widthDefault": 60
            },
            "id": "999073f3-3e76-4e08-b837-c23f33b7ed4b"
          },
          {
            "name": "name",
            "comment": "",
            "dataType": "varchar",
            "default": "",
            "option": {
              "autoIncrement": false,
              "primaryKey": false,
              "unique": false,
              "notNull": true
            },
            "ui": {
              "active": false,
              "pk": false,
              "fk": false,
              "pfk": false,
              "widthName": 60,
              "widthComment": 60,
              "widthDataType": 60,
              "widthDefault": 60
            },
            "id": "e6373f2d-3f20-4d6e-879f-7f622332e5da"
          },
          {
            "name": "admin",
            "comment": "",
            "dataType": "varchar",
            "default": "",
            "option": {
              "autoIncrement": false,
              "primaryKey": false,
              "unique": false,
              "notNull": true
            },
            "ui": {
              "active": false,
              "pk": false,
              "fk": false,
              "pfk": false,
              "widthName": 60,
              "widthComment": 60,
              "widthDataType": 60,
              "widthDefault": 60
            },
            "id": "a9b049fd-7a6c-4d20-ac43-6f759a924d52"
          },
          {
            "name": "createdAt",
            "comment": "",
            "dataType": "timestamp",
            "default": "",
            "option": {
              "autoIncrement": false,
              "primaryKey": false,
              "unique": false,
              "notNull": false
            },
            "ui": {
              "active": false,
              "pk": false,
              "fk": false,
              "pfk": false,
              "widthName": 60,
              "widthComment": 60,
              "widthDataType": 61.9599609375,
              "widthDefault": 60
            },
            "id": "dd9e9662-f77d-4da5-a7db-be52563a0457"
          }
        ],
        "ui": {
          "active": false,
          "left": 1114.1064349805843,
          "top": 1010.2175580638202,
          "zIndex": 55,
          "widthName": 60,
          "widthComment": 60
        },
        "visible": true,
        "id": "f36b4f6c-6fe8-4d2d-a2b7-7d27becdc9ab"
      },
      {
        "name": "old_component",
        "comment": "",
        "columns": [
          {
            "name": "identified",
            "comment": "",
            "dataType": "varchar",
            "default": "",
            "option": {
              "autoIncrement": false,
              "primaryKey": true,
              "unique": false,
              "notNull": true
            },
            "ui": {
              "active": false,
              "pk": true,
              "fk": false,
              "pfk": false,
              "widthName": 60,
              "widthComment": 60,
              "widthDataType": 60,
              "widthDefault": 60
            },
            "id": "0f8f1bcd-d35b-4f25-a13b-0f1f539ed670"
          },
          {
            "name": "aircraft_reg",
            "comment": "",
            "dataType": "varchar",
            "default": "",
            "option": {
              "autoIncrement": false,
              "primaryKey": false,
              "unique": false,
              "notNull": true
            },
            "ui": {
              "active": false,
              "pk": false,
              "fk": false,
              "pfk": false,
              "widthName": 67.7490234375,
              "widthComment": 60,
              "widthDataType": 60,
              "widthDefault": 60
            },
            "id": "a5d028f8-1327-4909-9cf8-c825a3eeca6c"
          },
          {
            "name": "ac_type",
            "comment": "",
            "dataType": "varchar",
            "default": "",
            "option": {
              "autoIncrement": false,
              "primaryKey": false,
              "unique": false,
              "notNull": true
            },
            "ui": {
              "active": false,
              "pk": false,
              "fk": false,
              "pfk": false,
              "widthName": 60,
              "widthComment": 60,
              "widthDataType": 60,
              "widthDefault": 60
            },
            "id": "64fe6d38-811c-4df6-b8fe-eb19c9d65503"
          },
          {
            "name": "operator",
            "comment": "",
            "dataType": "varchar",
            "default": "",
            "option": {
              "autoIncrement": false,
              "primaryKey": false,
              "unique": false,
              "notNull": true
            },
            "ui": {
              "active": false,
              "pk": false,
              "fk": false,
              "pfk": false,
              "widthName": 60,
              "widthComment": 60,
              "widthDataType": 60,
              "widthDefault": 60
            },
            "id": "bd74f530-37ea-48f5-9835-19a85f964c15"
          },
          {
            "name": "equipment",
            "comment": "",
            "dataType": "bigint",
            "default": "",
            "option": {
              "autoIncrement": false,
              "primaryKey": false,
              "unique": false,
              "notNull": true
            },
            "ui": {
              "active": false,
              "pk": false,
              "fk": true,
              "pfk": false,
              "widthName": 62.708984375,
              "widthComment": 60,
              "widthDataType": 60,
              "widthDefault": 60
            },
            "id": "33ecda97-b0d8-4df8-b7f1-f83706735502"
          }
        ],
        "ui": {
          "active": false,
          "left": 1070.5787189646867,
          "top": 1371.2549704563758,
          "zIndex": 100,
          "widthName": 90.89892578125,
          "widthComment": 60
        },
        "visible": true,
        "id": "3734c158-8023-4630-98bd-7451357d2fe6"
      },
      {
        "name": "docfile",
        "comment": "",
        "columns": [
          {
            "name": "doc_no",
            "comment": "",
            "dataType": "varchar",
            "default": "",
            "option": {
              "autoIncrement": false,
              "primaryKey": true,
              "unique": false,
              "notNull": true
            },
            "ui": {
              "active": false,
              "pk": true,
              "fk": false,
              "pfk": false,
              "widthName": 60,
              "widthComment": 60,
              "widthDataType": 60,
              "widthDefault": 60
            },
            "id": "f909444b-2751-4b91-b70b-7c58a5289e00"
          },
          {
            "name": "doc_posting_date",
            "comment": "",
            "dataType": "date",
            "default": "",
            "option": {
              "autoIncrement": false,
              "primaryKey": false,
              "unique": false,
              "notNull": false
            },
            "ui": {
              "active": false,
              "pk": false,
              "fk": false,
              "pfk": false,
              "widthName": 104.6416015625,
              "widthComment": 60,
              "widthDataType": 60,
              "widthDefault": 60
            },
            "id": "22cbe07c-a3b6-457f-a184-68529e34bf46"
          },
          {
            "name": "doc_type",
            "comment": "",
            "dataType": "varchar",
            "default": "",
            "option": {
              "autoIncrement": false,
              "primaryKey": false,
              "unique": false,
              "notNull": false
            },
            "ui": {
              "active": false,
              "pk": false,
              "fk": false,
              "pfk": false,
              "widthName": 60,
              "widthComment": 60,
              "widthDataType": 60,
              "widthDefault": 60
            },
            "id": "5b307322-7e78-4309-ae48-3fdf58674fab"
          },
          {
            "name": "doc_location",
            "comment": "",
            "dataType": "varchar",
            "default": "",
            "option": {
              "autoIncrement": false,
              "primaryKey": false,
              "unique": false,
              "notNull": false
            },
            "ui": {
              "active": false,
              "pk": false,
              "fk": false,
              "pfk": false,
              "widthName": 74.998046875,
              "widthComment": 60,
              "widthDataType": 60,
              "widthDefault": 60
            },
            "id": "1cc41852-636f-4031-a0d6-03f8387357b3"
          },
          {
            "name": "doc_status",
            "comment": "",
            "dataType": "varchar",
            "default": "",
            "option": {
              "autoIncrement": false,
              "primaryKey": false,
              "unique": false,
              "notNull": false
            },
            "ui": {
              "active": false,
              "pk": false,
              "fk": false,
              "pfk": false,
              "widthName": 64.87353515625,
              "widthComment": 60,
              "widthDataType": 60,
              "widthDefault": 60
            },
            "id": "756a3050-4301-4bf4-a44b-52376985b37e"
          },
          {
            "name": "doc_createddate",
            "comment": "",
            "dataType": "date",
            "default": "",
            "option": {
              "autoIncrement": false,
              "primaryKey": false,
              "unique": false,
              "notNull": true
            },
            "ui": {
              "active": false,
              "pk": false,
              "fk": false,
              "pfk": false,
              "widthName": 98.8525390625,
              "widthComment": 60,
              "widthDataType": 60,
              "widthDefault": 60
            },
            "id": "f65f7612-124f-41f6-95bf-dd46d41e3c73"
          },
          {
            "name": "doc_createdby",
            "comment": "",
            "dataType": "varchar",
            "default": "",
            "option": {
              "autoIncrement": false,
              "primaryKey": false,
              "unique": false,
              "notNull": true
            },
            "ui": {
              "active": false,
              "pk": false,
              "fk": false,
              "pfk": false,
              "widthName": 87.28076171875,
              "widthComment": 60,
              "widthDataType": 60,
              "widthDefault": 60
            },
            "id": "44345063-ebe5-4c91-b446-ac87ad822772"
          },
          {
            "name": "doc_lastuser",
            "comment": "",
            "dataType": "varchar",
            "default": "",
            "option": {
              "autoIncrement": false,
              "primaryKey": false,
              "unique": false,
              "notNull": true
            },
            "ui": {
              "active": false,
              "pk": false,
              "fk": false,
              "pfk": false,
              "widthName": 75.708984375,
              "widthComment": 60,
              "widthDataType": 60,
              "widthDefault": 60
            },
            "id": "da762e79-9b9e-4558-9944-020c12c0e5dc"
          },
          {
            "name": "doc_category",
            "comment": "",
            "dataType": "varchar",
            "default": "",
            "option": {
              "autoIncrement": false,
              "primaryKey": false,
              "unique": false,
              "notNull": false
            },
            "ui": {
              "active": false,
              "pk": false,
              "fk": false,
              "pfk": false,
              "widthName": 80.05078125,
              "widthComment": 60,
              "widthDataType": 60,
              "widthDefault": 60
            },
            "id": "64fd93fc-ef81-48e5-8fe0-98c47b4a4f8c"
          },
          {
            "name": "doc_aircrafte",
            "comment": "",
            "dataType": "varchar",
            "default": "",
            "option": {
              "autoIncrement": false,
              "primaryKey": false,
              "unique": false,
              "notNull": true
            },
            "ui": {
              "active": false,
              "pk": false,
              "fk": false,
              "pfk": false,
              "widthName": 77.14990234375,
              "widthComment": 60,
              "widthDataType": 60,
              "widthDefault": 60
            },
            "id": "60777476-fcc9-4369-944d-4d776cf0e4f2"
          },
          {
            "name": "doc_work_packagee",
            "comment": "",
            "dataType": "varchar",
            "default": "",
            "option": {
              "autoIncrement": false,
              "primaryKey": false,
              "unique": false,
              "notNull": false
            },
            "ui": {
              "active": false,
              "pk": false,
              "fk": false,
              "pfk": false,
              "widthName": 121.2470703125,
              "widthComment": 60,
              "widthDataType": 60,
              "widthDefault": 60
            },
            "id": "3db009c4-8c17-43d5-b8ed-8ba88178f5cf"
          },
          {
            "name": "doc_reason",
            "comment": "",
            "dataType": "varchar",
            "default": "",
            "option": {
              "autoIncrement": false,
              "primaryKey": false,
              "unique": false,
              "notNull": false
            },
            "ui": {
              "active": false,
              "pk": false,
              "fk": false,
              "pfk": false,
              "widthName": 69.93896484375,
              "widthComment": 60,
              "widthDataType": 60,
              "widthDefault": 60
            },
            "id": "fd4b995d-a8b4-4e63-8155-ffc6c58a1ce7"
          },
          {
            "name": "doc_returndate",
            "comment": "",
            "dataType": "bigint",
            "default": "",
            "option": {
              "autoIncrement": false,
              "primaryKey": false,
              "unique": false,
              "notNull": false
            },
            "ui": {
              "active": false,
              "pk": false,
              "fk": false,
              "pfk": false,
              "widthName": 89.45166015625,
              "widthComment": 60,
              "widthDataType": 60,
              "widthDefault": 60
            },
            "id": "5de52a8c-31b1-4f70-b3d1-da20db7f400b"
          },
          {
            "name": "doc_retention_schedule",
            "comment": "",
            "dataType": "varchar",
            "default": "",
            "option": {
              "autoIncrement": false,
              "primaryKey": false,
              "unique": false,
              "notNull": false
            },
            "ui": {
              "active": false,
              "pk": false,
              "fk": false,
              "pfk": false,
              "widthName": 140.048828125,
              "widthComment": 60,
              "widthDataType": 60,
              "widthDefault": 60
            },
            "id": "ef36f535-0f21-4169-837f-2e791ca57d85"
          },
          {
            "name": "doc_last_received",
            "comment": "",
            "dataType": "date",
            "default": "",
            "option": {
              "autoIncrement": false,
              "primaryKey": false,
              "unique": false,
              "notNull": false
            },
            "ui": {
              "active": false,
              "pk": false,
              "fk": false,
              "pfk": false,
              "widthName": 106.787109375,
              "widthComment": 60,
              "widthDataType": 60,
              "widthDefault": 60
            },
            "id": "71ecfbc4-8037-44cb-94d2-3c38b7bf2ce9"
          },
          {
            "name": "doc_last_rejected",
            "comment": "",
            "dataType": "date",
            "default": "",
            "option": {
              "autoIncrement": false,
              "primaryKey": false,
              "unique": false,
              "notNull": false
            },
            "ui": {
              "active": false,
              "pk": false,
              "fk": false,
              "pfk": false,
              "widthName": 103.89892578125,
              "widthComment": 60,
              "widthDataType": 60,
              "widthDefault": 60
            },
            "id": "0fb8489c-a1fb-46cc-acd5-333a5caa63b5"
          },
          {
            "name": "doc_filed",
            "comment": "",
            "dataType": "varchar",
            "default": "",
            "option": {
              "autoIncrement": false,
              "primaryKey": false,
              "unique": false,
              "notNull": false
            },
            "ui": {
              "active": false,
              "pk": false,
              "fk": false,
              "pfk": false,
              "widthName": 60,
              "widthComment": 60,
              "widthDataType": 60,
              "widthDefault": 60
            },
            "id": "9bd579b0-19a8-431e-a38a-5ab88a8f901a"
          },
          {
            "name": "equipment",
            "comment": "",
            "dataType": "bigint",
            "default": "",
            "option": {
              "autoIncrement": false,
              "primaryKey": false,
              "unique": false,
              "notNull": true
            },
            "ui": {
              "active": false,
              "pk": false,
              "fk": true,
              "pfk": false,
              "widthName": 62.708984375,
              "widthComment": 60,
              "widthDataType": 60,
              "widthDefault": 60
            },
            "id": "15de7879-3669-4e1d-ac3a-cb06657c29f7"
          }
        ],
        "ui": {
          "active": false,
          "left": 752.1215465472968,
          "top": 554.1378665993612,
          "zIndex": 97,
          "widthName": 60,
          "widthComment": 60
        },
        "visible": true,
        "id": "3e26d6ce-5db2-41b8-a613-8c1a61d363cd"
      },
      {
        "name": "location",
        "comment": "",
        "columns": [
          {
            "name": "doc_box",
            "comment": "",
            "dataType": "varachar",
            "default": "",
            "option": {
              "autoIncrement": false,
              "primaryKey": true,
              "unique": false,
              "notNull": true
            },
            "ui": {
              "active": false,
              "pk": true,
              "fk": false,
              "pfk": false,
              "widthName": 60,
              "widthComment": 60,
              "widthDataType": 60,
              "widthDefault": 60
            },
            "id": "ab304e95-11ad-42d2-baed-4e5f2aa0e0ee"
          },
          {
            "name": "doc_locations",
            "comment": "",
            "dataType": "timestamp",
            "default": "",
            "option": {
              "autoIncrement": false,
              "primaryKey": false,
              "unique": false,
              "notNull": false
            },
            "ui": {
              "active": false,
              "pk": false,
              "fk": false,
              "pfk": false,
              "widthName": 81.498046875,
              "widthComment": 60,
              "widthDataType": 61.9599609375,
              "widthDefault": 60
            },
            "id": "5b80bcc8-ace0-4bd7-85c0-755ef2c78767"
          },
          {
            "name": "doc_no",
            "comment": "",
            "dataType": "varchar",
            "default": "",
            "option": {
              "autoIncrement": false,
              "primaryKey": false,
              "unique": false,
              "notNull": true
            },
            "ui": {
              "active": false,
              "pk": false,
              "fk": true,
              "pfk": false,
              "widthName": 60,
              "widthComment": 60,
              "widthDataType": 60,
              "widthDefault": 60
            },
            "id": "b387ecff-7849-4d97-af7c-6a7c7becbc79"
          }
        ],
        "ui": {
          "active": false,
          "left": 1294.861882478317,
          "top": 694.9728107278914,
          "zIndex": 101,
          "widthName": 60,
          "widthComment": 60
        },
        "visible": true,
        "id": "43fbcf05-ad62-4f9c-ad15-4a1d8eafb7ae"
      }
    ],
    "indexes": []
  },
  "memo": {
    "memos": []
  },
  "relationship": {
    "relationships": [
      {
        "identification": false,
        "relationshipType": "OneN",
        "startRelationshipType": "Dash",
        "start": {
          "tableId": "3e26d6ce-5db2-41b8-a613-8c1a61d363cd",
          "columnIds": [
            "f909444b-2751-4b91-b70b-7c58a5289e00"
          ],
          "x": 1049.170374672297,
          "y": 773.1378665993612,
          "direction": "right"
        },
        "end": {
          "tableId": "43fbcf05-ad62-4f9c-ad15-4a1d8eafb7ae",
          "columnIds": [
            "b387ecff-7849-4d97-af7c-6a7c7becbc79"
          ],
          "x": 1294.861882478317,
          "y": 760.2228107278914,
          "direction": "left"
        },
        "constraintName": "fk_docfile_to_location",
        "visible": true,
        "id": "91f5cf7b-d239-4e7b-81b5-363e41c37913"
      },
      {
        "identification": false,
        "relationshipType": "OneOnly",
        "startRelationshipType": "Dash",
        "start": {
          "tableId": "b15144ef-3230-4e32-9ca1-efad12e16d25",
          "columnIds": [
            "07c390bf-5ca0-45af-8d63-fae4cba315b7"
          ],
          "x": 754.6754954849678,
          "y": 1077.5176419181328,
          "direction": "top"
        },
        "end": {
          "tableId": "3e26d6ce-5db2-41b8-a613-8c1a61d363cd",
          "columnIds": [
            "15de7879-3669-4e1d-ac3a-cb06657c29f7"
          ],
          "x": 900.6459606097968,
          "y": 992.1378665993612,
          "direction": "bottom"
        },
        "constraintName": "fk_arc_swift_to_docfile",
        "visible": true,
        "id": "85a89ac2-dd3d-4095-8295-c179a93bfdef"
      },
      {
        "identification": false,
        "relationshipType": "OneOnly",
        "startRelationshipType": "Dash",
        "start": {
          "tableId": "b15144ef-3230-4e32-9ca1-efad12e16d25",
          "columnIds": [
            "07c390bf-5ca0-45af-8d63-fae4cba315b7"
          ],
          "x": 893.3222240005928,
          "y": 1276.0176419181328,
          "direction": "right"
        },
        "end": {
          "tableId": "3734c158-8023-4630-98bd-7451357d2fe6",
          "columnIds": [
            "33ecda97-b0d8-4df8-b7f1-f83706735502"
          ],
          "x": 1070.5787189646867,
          "y": 1457.0049704563758,
          "direction": "left"
        },
        "constraintName": "fk_arc_swift_to_old_component",
        "visible": true,
        "id": "46d4aaa8-f798-4db0-a41b-75a6f668653f"
      }
    ]
  }
}